,Facilities,Email,Rating
0,Online and mobile banking,hebex0@abincol.com,3.5
1,Consumer and corporate banking,hebex1@abincol.com,3.0
2,Online-only banking,hebex2@abincol.com,4.0
3,Telephone banking,hebex3@abincol.com,2.0
4,Checking account,hebex4@abincol.com,1.0
5,Savings account,hebex5@abincol.com,1.5
6,Money market account (MMA),hebex6@abincol.com,4.0
7,Certificate of deposit (CD),hebex7@abincol.com,4.5
8,Debit card,hebex8@abincol.com,3.0
9,Credit card,hebex9@abincol.com,3.0
10,ATM,hebex10@abincol.com,2.0
11,FDIC,hebex11@abincol.com,4.0
12,Deposit,hebex12@abincol.com,3.0
13,Withdrawal,hebex13@abincol.com,1.5
14,Fees,hebex14@abincol.com,3.0
15,home Loan,hebex15@abincol.com,2.0
16,Car Loan,hebex16@abincol.com,3.0
17,Gold Loan,hebex17@abincol.com,5.0
18,Expert For Need,hebex18@abincol.com,3.0
19,Special Privilages ,hebex19@abincol.com,4.5
20,Exclusive Priority Service,hebex20@abincol.com,4.0
21,Customer Investing Planning,hebex21@abincol.com,5.0
22,Wealth Select Account,hebex22@abincol.com,3.0
23,Sussesion And Estate Planning,hebex23@abincol.com,3.5
24, Select Frist Privilegs,hebex24@abincol.com,3.5
25,Growth Your Wealth,hebex25@abincol.com,5.0
26,Manage Your Health,hebex26@abincol.com,4.5
27,Protect Your Wealth,hebex27@abincol.com,3.0
28,Saving Account ,hebex28@abincol.com,2.0
29,Family Wealth Account,hebex29@abincol.com,5.0
30,Foreign Exchange Services,hebex30@abincol.com,4.0
31,Wealth Reword,hebex31@abincol.com,2.0
32, Investments,hebex32@abincol.com,4.0
33,Demat Account,hebex33@abincol.com,3.0
34,Mutual Fund Platform,hebex34@abincol.com,5.0
35,Iweath,hebex35@abincol.com,2.0
36,Lockers,hebex36@abincol.com,4.5
37,Imobile,hebex37@abincol.com,1.0
38,SmartVault,hebex38@abincol.com,3.0
39,E-locker,hebex39@abincol.com,4.0
40,I-Track,hebex40@abincol.com,5.0
41,Video Banking App,hebex41@abincol.com,4.0
42,Currnet Account ,hebex42@abincol.com,4.0
43,Trades Services,hebex43@abincol.com,3.0
44,Business Loan,hebex44@abincol.com,4.5
45,Business Insurance,hebex45@abincol.com,4.0
46,Cash Manegment Service,hebex46@abincol.com,1.0
47,Emeralde,hebex47@abincol.com,4.0
48,Sapphiro,hebex48@abincol.com,2.0
49,Multi-Wallet Prepaid Card,hebex49@abincol.com,2.0
50,Forex Prepaid Cards,hebex50@abincol.com,1.0
51,Rubyx,hebex51@abincol.com,5.0
52,Amazon Pay,hebex52@abincol.com,5.0
53,Manchester United,hebex53@abincol.com,4.5
54,ICICI Bank Mastercard World Debit Card,hebex54@abincol.com,5.0
55,ICICI Bank Wealth Select Infinite Debit Card,hebex55@abincol.com,2.0
56,Sapphiro Forex Prepaid Card,hebex56@abincol.com,2.0
57,Student forex Prepaid Card,hebex57@abincol.com,4.0
58,FastTag,hebex58@abincol.com,3.0
59,Prepaid Cards,hebex59@abincol.com,3.0
60,Insta Loan,hebex60@abincol.com,5.0
61,Home Loan,hebex61@abincol.com,2.5
62,Car Loan,hebex62@abincol.com,5.0
63, Two-Wheeler Loan,hebex63@abincol.com,3.0
64,Personal Loan,hebex64@abincol.com,3.0
65,Gold Loan,hebex65@abincol.com,2.0
66,Education Loan,hebex66@abincol.com,4.5
67,Commercial Vehical Loan,hebex67@abincol.com,4.5
68,Construction Equpiment Loan,hebex68@abincol.com,5.0
69,SmartVault,hebex69@abincol.com,4.5
70,E-locker,hebex70@abincol.com,3.5
71,I-Track,hebex71@abincol.com,4.0
72,Video Banking App,hebex72@abincol.com,5.0
73,Currnet Account ,hebex73@abincol.com,4.0
74,Bonds,hebex74@abincol.com,5.0
75,Fixed Deposit(FD),hebex75@abincol.com,2.5
76,Recurring Deposit(RD),hebex76@abincol.com,3.0
77,IWISH Flexible RD,hebex77@abincol.com,4.5
78,Wealth Creation,hebex78@abincol.com,4.5
79,Retiments Planning,hebex79@abincol.com,4.5
80,LandLine,hebex80@abincol.com,5.0
81, Gas,hebex81@abincol.com,4.0
82,Insurance,hebex82@abincol.com,3.0
83,Life Insurance,hebex83@abincol.com,3.0
84,Health Insurance,hebex84@abincol.com,4.0
85,Vehical Insurance,hebex85@abincol.com,3.0
86,Travel Insurance,hebex86@abincol.com,3.0
87,pradhan mantri Jeevan Jyoti Yojana,hebex87@abincol.com,5.0
88,pradhan mantri Suraksha BimaYojana,hebex88@abincol.com,3.0
89,TAX Solutions,hebex89@abincol.com,5.0
90, PAY,hebex90@abincol.com,3.5
91,ICICI Bank Pay,hebex91@abincol.com,5.0
92,UPI,hebex92@abincol.com,3.5
93,NEFT,hebex93@abincol.com,3.5
94,IMP'S,hebex94@abincol.com,1.0
95,Foreign Transfer,hebex95@abincol.com,5.0
96,Electricity ,hebex96@abincol.com,3.5
97,Water,hebex97@abincol.com,2.5
98, Gas,hebex98@abincol.com,4.0
99,LandLine,hebex99@abincol.com,4.5
100,Broadband,hebex100@abincol.com,3.0
101,FastTag,hebex101@abincol.com,3.5
102,DTH Recharge,hebex102@abincol.com,4.5
103, Mobile Recharge,hebex103@abincol.com,4.0
104,Click To Pay loan,hebex104@abincol.com,5.0
105,Pay Credit Cards Bill,hebex105@abincol.com,4.0
106,Eazy Pay,hebex106@abincol.com,3.0
107,Quick Pay,hebex107@abincol.com,3.0
108,Scan To Pay,hebex108@abincol.com,3.0
109,Online Tax payment ,hebex109@abincol.com,3.0
110,Online and mobile banking,hebex110@abincol.com,4.0
111,Consumer and corporate banking,hebex111@abincol.com,4.5
112,Online-only banking,hebex112@abincol.com,3.5
113,Telephone banking,hebex113@abincol.com,4.0
114,Checking account,hebex114@abincol.com,5.0
115,Savings account,hebex115@abincol.com,5.0
116,Money market account (MMA),hebex116@abincol.com,1.0
117,Certificate of deposit (CD),hebex117@abincol.com,4.0
118,Debit card,hebex118@abincol.com,5.0
119,Credit card,hebex119@abincol.com,3.0
120,ATM,hebex120@abincol.com,3.0
121,FDIC,hebex121@abincol.com,3.0
122,Deposit,hebex122@abincol.com,4.0
123,Withdrawal,hebex123@abincol.com,3.0
124,Fees,hebex124@abincol.com,3.0
125,home Loan,hebex125@abincol.com,4.0
126,Car Loan,hebex126@abincol.com,3.5
127,Gold Loan,hebex127@abincol.com,3.5
128,Expert For Need,hebex128@abincol.com,2.0
129,Special Privilages ,hebex129@abincol.com,5.0
130,Exclusive Priority Service,hebex130@abincol.com,5.0
131,Customer Investing Planning,hebex131@abincol.com,5.0
132,Wealth Select Account,hebex132@abincol.com,3.0
133,Sussesion And Estate Planning,hebex133@abincol.com,4.0
134, Select Frist Privilegs,hebex134@abincol.com,3.5
135,Growth Your Wealth,hebex135@abincol.com,4.5
136,Manage Your Health,hebex136@abincol.com,3.5
137,Protect Your Wealth,hebex137@abincol.com,4.5
138,Saving Account ,hebex138@abincol.com,3.5
139,Family Wealth Account,hebex139@abincol.com,4.0
140,Foreign Exchange Services,hebex140@abincol.com,3.0
141,Wealth Reword,hebex141@abincol.com,2.5
142, Investments,hebex142@abincol.com,4.5
143,Demat Account,hebex143@abincol.com,5.0
144,Mutual Fund Platform,hebex144@abincol.com,4.0
145,Iweath,hebex145@abincol.com,2.5
146,Lockers,hebex146@abincol.com,5.0
147,Imobile,hebex147@abincol.com,3.0
148,SmartVault,hebex148@abincol.com,5.0
149,E-locker,hebex149@abincol.com,3.0
150,I-Track,hebex150@abincol.com,5.0
151,Video Banking App,hebex151@abincol.com,3.0
152,Currnet Account ,hebex152@abincol.com,5.0
153,Trades Services,hebex153@abincol.com,3.0
154,Business Loan,hebex154@abincol.com,4.0
155,Business Insurance,hebex155@abincol.com,4.5
156,Cash Manegment Service,hebex156@abincol.com,3.0
157,Emeralde,hebex157@abincol.com,3.5
158,Sapphiro,hebex158@abincol.com,1.0
159,Multi-Wallet Prepaid Card,hebex159@abincol.com,3.5
160,Forex Prepaid Cards,hebex160@abincol.com,3.0
161,Rubyx,hebex161@abincol.com,4.0
162,Amazon Pay,hebex162@abincol.com,5.0
163,Manchester United,hebex163@abincol.com,3.0
164,ICICI Bank Mastercard World Debit Card,hebex164@abincol.com,4.0
165,ICICI Bank Wealth Select Infinite Debit Card,hebex165@abincol.com,4.0
166,Sapphiro Forex Prepaid Card,hebex166@abincol.com,1.0
167,Student forex Prepaid Card,hebex167@abincol.com,4.5
168,FastTag,hebex168@abincol.com,3.5
169,Prepaid Cards,hebex169@abincol.com,5.0
170,Insta Loan,hebex170@abincol.com,4.5
171,Home Loan,hebex171@abincol.com,5.0
172,Car Loan,hebex172@abincol.com,3.5
173, Two-Wheeler Loan,hebex173@abincol.com,3.5
174,Personal Loan,hebex174@abincol.com,4.0
175,Gold Loan,hebex175@abincol.com,4.5
176,Education Loan,hebex176@abincol.com,3.0
177,Commercial Vehical Loan,hebex177@abincol.com,3.0
178,Construction Equpiment Loan,hebex178@abincol.com,4.0
179,SmartVault,hebex179@abincol.com,3.5
180,E-locker,hebex180@abincol.com,3.5
181,I-Track,hebex181@abincol.com,3.0
182,Video Banking App,hebex182@abincol.com,4.0
183,Currnet Account ,hebex183@abincol.com,3.5
184,Bonds,hebex184@abincol.com,5.0
185,Fixed Deposit(FD),hebex185@abincol.com,3.0
186,Recurring Deposit(RD),hebex186@abincol.com,4.0
187,IWISH Flexible RD,hebex187@abincol.com,5.0
188,Wealth Creation,hebex188@abincol.com,4.5
189,Retiments Planning,hebex189@abincol.com,3.5
190,LandLine,hebex190@abincol.com,2.0
191, Gas,hebex191@abincol.com,4.5
192,Insurance,hebex192@abincol.com,3.0
193,Life Insurance,hebex193@abincol.com,4.0
194,Health Insurance,hebex194@abincol.com,5.0
195,Vehical Insurance,hebex195@abincol.com,2.5
196,Travel Insurance,hebex196@abincol.com,4.0
197,pradhan mantri Jeevan Jyoti Yojana,hebex197@abincol.com,4.5
198,pradhan mantri Suraksha BimaYojana,hebex198@abincol.com,5.0
199,TAX Solutions,hebex199@abincol.com,4.0
200, PAY,hebex200@abincol.com,4.0
201,ICICI Bank Pay,hebex201@abincol.com,2.0
202,UPI,hebex202@abincol.com,4.5
203,NEFT,hebex203@abincol.com,5.0
204,IMP'S,hebex204@abincol.com,3.0
205,Foreign Transfer,hebex205@abincol.com,3.0
206,Electricity ,hebex206@abincol.com,4.5
207,Water,hebex207@abincol.com,2.5
208, Gas,hebex208@abincol.com,4.0
209,LandLine,hebex209@abincol.com,4.0
210,Broadband,hebex210@abincol.com,4.5
211,FastTag,hebex211@abincol.com,4.0
212,DTH Recharge,hebex212@abincol.com,4.5
213, Mobile Recharge,hebex213@abincol.com,4.0
214,Click To Pay loan,hebex214@abincol.com,3.0
215,Pay Credit Cards Bill,hebex215@abincol.com,4.0
216,Eazy Pay,hebex216@abincol.com,4.5
217,Quick Pay,hebex217@abincol.com,3.0
218,Scan To Pay,hebex218@abincol.com,4.5
219,Online Tax payment ,hebex219@abincol.com,5.0
220,Online and mobile banking,hebex220@abincol.com,4.0
221,Consumer and corporate banking,hebex221@abincol.com,5.0
222,Online-only banking,hebex222@abincol.com,4.0
223,Telephone banking,hebex223@abincol.com,4.0
224,Checking account,hebex224@abincol.com,3.0
225,Savings account,hebex225@abincol.com,3.0
226,Money market account (MMA),hebex226@abincol.com,3.5
227,Certificate of deposit (CD),hebex227@abincol.com,5.0
228,Debit card,hebex228@abincol.com,3.0
229,Credit card,hebex229@abincol.com,3.0
230,ATM,hebex230@abincol.com,1.0
231,FDIC,hebex231@abincol.com,3.0
232,Deposit,hebex232@abincol.com,4.5
233,Withdrawal,hebex233@abincol.com,3.0
234,Fees,hebex234@abincol.com,4.0
235,home Loan,hebex235@abincol.com,4.5
236,Car Loan,hebex236@abincol.com,5.0
237,Gold Loan,hebex237@abincol.com,3.0
238,Expert For Need,hebex238@abincol.com,4.0
239,Special Privilages ,hebex239@abincol.com,4.0
240,Exclusive Priority Service,hebex240@abincol.com,4.0
241,Customer Investing Planning,hebex241@abincol.com,4.5
242,Wealth Select Account,hebex242@abincol.com,5.0
243,Sussesion And Estate Planning,hebex243@abincol.com,4.0
244, Select Frist Privilegs,hebex244@abincol.com,3.0
245,Growth Your Wealth,hebex245@abincol.com,5.0
246,Manage Your Health,hebex246@abincol.com,3.5
247,Protect Your Wealth,hebex247@abincol.com,4.5
248,Saving Account ,hebex248@abincol.com,4.0
249,Family Wealth Account,hebex249@abincol.com,3.5
250,Foreign Exchange Services,hebex250@abincol.com,3.5
251,Wealth Reword,hebex251@abincol.com,5.0
252, Investments,hebex252@abincol.com,4.5
253,Demat Account,hebex253@abincol.com,3.0
254,Mutual Fund Platform,hebex254@abincol.com,3.0
255,Iweath,hebex255@abincol.com,2.0
256,Lockers,hebex256@abincol.com,5.0
257,Imobile,hebex257@abincol.com,2.5
258,SmartVault,hebex258@abincol.com,4.0
259,E-locker,hebex259@abincol.com,4.5
260,I-Track,hebex260@abincol.com,4.0
261,Video Banking App,hebex261@abincol.com,1.0
262,Currnet Account ,hebex262@abincol.com,2.5
263,Trades Services,hebex263@abincol.com,3.5
264,Business Loan,hebex264@abincol.com,4.0
265,Business Insurance,hebex265@abincol.com,5.0
266,Cash Manegment Service,hebex266@abincol.com,3.0
267,Emeralde,hebex267@abincol.com,4.5
268,Sapphiro,hebex268@abincol.com,5.0
269,Multi-Wallet Prepaid Card,hebex269@abincol.com,3.0
270,Forex Prepaid Cards,hebex270@abincol.com,3.0
271,Rubyx,hebex271@abincol.com,4.5
272,Amazon Pay,hebex272@abincol.com,4.0
273,Manchester United,hebex273@abincol.com,5.0
274,ICICI Bank Mastercard World Debit Card,hebex274@abincol.com,5.0
275,ICICI Bank Wealth Select Infinite Debit Card,hebex275@abincol.com,4.0
276,Sapphiro Forex Prepaid Card,hebex276@abincol.com,5.0
277,Student forex Prepaid Card,hebex277@abincol.com,5.0
278,FastTag,hebex278@abincol.com,4.0
279,Prepaid Cards,hebex279@abincol.com,5.0
280,Insta Loan,hebex280@abincol.com,4.0
281,Home Loan,hebex281@abincol.com,2.0
282,Car Loan,hebex282@abincol.com,4.0
283, Two-Wheeler Loan,hebex283@abincol.com,3.0
284,Personal Loan,hebex284@abincol.com,5.0
285,Gold Loan,hebex285@abincol.com,4.0
286,Education Loan,hebex286@abincol.com,4.0
287,Commercial Vehical Loan,hebex287@abincol.com,2.5
288,Construction Equpiment Loan,hebex288@abincol.com,5.0
289,SmartVault,hebex289@abincol.com,3.0
290,E-locker,hebex290@abincol.com,5.0
291,I-Track,hebex291@abincol.com,3.0
292,Video Banking App,hebex292@abincol.com,5.0
293,Currnet Account ,hebex293@abincol.com,5.0
294,Bonds,hebex294@abincol.com,4.0
295,Fixed Deposit(FD),hebex295@abincol.com,4.0
296,Recurring Deposit(RD),hebex296@abincol.com,4.0
297,IWISH Flexible RD,hebex297@abincol.com,3.0
298,Wealth Creation,hebex298@abincol.com,3.5
299,Retiments Planning,hebex299@abincol.com,4.5
300,LandLine,hebex300@abincol.com,3.0
301, Gas,hebex301@abincol.com,5.0
302,Insurance,hebex302@abincol.com,0.5
303,Life Insurance,hebex303@abincol.com,4.5
304,Health Insurance,hebex304@abincol.com,4.5
305,Vehical Insurance,hebex305@abincol.com,4.0
306,Travel Insurance,hebex306@abincol.com,4.5
307,pradhan mantri Jeevan Jyoti Yojana,hebex307@abincol.com,5.0
308,pradhan mantri Suraksha BimaYojana,hebex308@abincol.com,3.0
309,TAX Solutions,hebex309@abincol.com,2.0
310, PAY,hebex310@abincol.com,3.5
311,ICICI Bank Pay,hebex311@abincol.com,3.0
312,UPI,hebex312@abincol.com,3.0
313,NEFT,hebex313@abincol.com,3.0
314,IMP'S,hebex314@abincol.com,4.0
315,Foreign Transfer,hebex315@abincol.com,4.0
316,Electricity ,hebex316@abincol.com,0.5
317,Water,hebex317@abincol.com,4.0
318, Gas,hebex318@abincol.com,5.0
319,LandLine,hebex319@abincol.com,4.0
320,Broadband,hebex320@abincol.com,5.0
321,FastTag,hebex321@abincol.com,4.0
322,DTH Recharge,hebex322@abincol.com,1.0
323, Mobile Recharge,hebex323@abincol.com,3.0
324,Click To Pay loan,hebex324@abincol.com,4.0
325,Pay Credit Cards Bill,hebex325@abincol.com,4.0
326,Eazy Pay,hebex326@abincol.com,4.0
327,Quick Pay,hebex327@abincol.com,3.5
328,Scan To Pay,hebex328@abincol.com,4.0
329,Online Tax payment ,hebex329@abincol.com,3.5
330,Online and mobile banking,hebex330@abincol.com,2.0
331,Consumer and corporate banking,hebex331@abincol.com,3.5
332,Online-only banking,hebex332@abincol.com,3.0
333,Telephone banking,hebex333@abincol.com,4.0
334,Checking account,hebex334@abincol.com,5.0
335,Savings account,hebex335@abincol.com,3.5
336,Money market account (MMA),hebex336@abincol.com,4.0
337,Certificate of deposit (CD),hebex337@abincol.com,4.0
338,Debit card,hebex338@abincol.com,4.5
339,Credit card,hebex339@abincol.com,2.0
340,ATM,hebex340@abincol.com,3.0
341,FDIC,hebex341@abincol.com,4.0
342,Deposit,hebex342@abincol.com,5.0
343,Withdrawal,hebex343@abincol.com,3.0
344,Fees,hebex344@abincol.com,3.5
345,home Loan,hebex345@abincol.com,4.0
346,Car Loan,hebex346@abincol.com,4.5
347,Gold Loan,hebex347@abincol.com,3.5
348,Expert For Need,hebex348@abincol.com,3.5
349,Special Privilages ,hebex349@abincol.com,3.0
350,Exclusive Priority Service,hebex350@abincol.com,2.0
351,Customer Investing Planning,hebex351@abincol.com,3.0
352,Wealth Select Account,hebex352@abincol.com,2.0
353,Sussesion And Estate Planning,hebex353@abincol.com,5.0
354, Select Frist Privilegs,hebex354@abincol.com,2.0
355,Growth Your Wealth,hebex355@abincol.com,5.0
356,Manage Your Health,hebex356@abincol.com,3.5
357,Protect Your Wealth,hebex357@abincol.com,2.0
358,Saving Account ,hebex358@abincol.com,2.5
359,Family Wealth Account,hebex359@abincol.com,1.0
360,Foreign Exchange Services,hebex360@abincol.com,4.0
361,Wealth Reword,hebex361@abincol.com,4.0
362, Investments,hebex362@abincol.com,4.0
363,Demat Account,hebex363@abincol.com,4.0
364,Mutual Fund Platform,hebex364@abincol.com,3.0
365,Iweath,hebex365@abincol.com,4.0
366,Lockers,hebex366@abincol.com,4.0
367,Imobile,hebex367@abincol.com,5.0
368,SmartVault,hebex368@abincol.com,3.0
369,E-locker,hebex369@abincol.com,4.0
370,I-Track,hebex370@abincol.com,3.0
371,Video Banking App,hebex371@abincol.com,3.0
372,Currnet Account ,hebex372@abincol.com,4.5
373,Trades Services,hebex373@abincol.com,4.0
374,Business Loan,hebex374@abincol.com,2.0
375,Business Insurance,hebex375@abincol.com,1.5
376,Cash Manegment Service,hebex376@abincol.com,2.0
377,Emeralde,hebex377@abincol.com,5.0
378,Sapphiro,hebex378@abincol.com,5.0
379,Multi-Wallet Prepaid Card,hebex379@abincol.com,5.0
380,Forex Prepaid Cards,hebex380@abincol.com,4.0
381,Rubyx,hebex381@abincol.com,5.0
382,Amazon Pay,hebex382@abincol.com,5.0
383,Manchester United,hebex383@abincol.com,5.0
384,ICICI Bank Mastercard World Debit Card,hebex384@abincol.com,4.0
385,ICICI Bank Wealth Select Infinite Debit Card,hebex385@abincol.com,4.0
386,Sapphiro Forex Prepaid Card,hebex386@abincol.com,5.0
387,Student forex Prepaid Card,hebex387@abincol.com,4.0
388,FastTag,hebex388@abincol.com,3.0
389,Prepaid Cards,hebex389@abincol.com,4.0
390,Insta Loan,hebex390@abincol.com,4.0
391,Home Loan,hebex391@abincol.com,3.0
392,Car Loan,hebex392@abincol.com,3.0
393, Two-Wheeler Loan,hebex393@abincol.com,4.0
394,Personal Loan,hebex394@abincol.com,5.0
395,Gold Loan,hebex395@abincol.com,4.0
396,Education Loan,hebex396@abincol.com,4.5
397,Commercial Vehical Loan,hebex397@abincol.com,5.0
398,Construction Equpiment Loan,hebex398@abincol.com,4.0
399,SmartVault,hebex399@abincol.com,2.0
400,E-locker,hebex400@abincol.com,3.0
401,I-Track,hebex401@abincol.com,5.0
402,Video Banking App,hebex402@abincol.com,3.0
403,Currnet Account ,hebex403@abincol.com,4.0
404,Bonds,hebex404@abincol.com,4.5
405,Fixed Deposit(FD),hebex405@abincol.com,4.0
406,Recurring Deposit(RD),hebex406@abincol.com,2.5
407,IWISH Flexible RD,hebex407@abincol.com,4.5
408,Wealth Creation,hebex408@abincol.com,3.0
409,Retiments Planning,hebex409@abincol.com,2.5
410,LandLine,hebex410@abincol.com,5.0
411, Gas,hebex411@abincol.com,4.0
412,Insurance,hebex412@abincol.com,3.0
413,Life Insurance,hebex413@abincol.com,3.0
414,Health Insurance,hebex414@abincol.com,4.0
415,Vehical Insurance,hebex415@abincol.com,4.5
416,Travel Insurance,hebex416@abincol.com,3.0
417,pradhan mantri Jeevan Jyoti Yojana,hebex417@abincol.com,4.5
418,pradhan mantri Suraksha BimaYojana,hebex418@abincol.com,5.0
419,TAX Solutions,hebex419@abincol.com,3.0
420, PAY,hebex420@abincol.com,5.0
421,ICICI Bank Pay,hebex421@abincol.com,3.5
422,UPI,hebex422@abincol.com,5.0
423,NEFT,hebex423@abincol.com,4.0
424,IMP'S,hebex424@abincol.com,5.0
425,Foreign Transfer,hebex425@abincol.com,4.0
426,Electricity ,hebex426@abincol.com,4.0
427,Water,hebex427@abincol.com,3.0
428, Gas,hebex428@abincol.com,3.5
429,LandLine,hebex429@abincol.com,4.0
430,Broadband,hebex430@abincol.com,4.0
431,FastTag,hebex431@abincol.com,3.5
432,DTH Recharge,hebex432@abincol.com,2.5
433, Mobile Recharge,hebex433@abincol.com,5.0
434,Click To Pay loan,hebex434@abincol.com,5.0
435,Pay Credit Cards Bill,hebex435@abincol.com,5.0
436,Eazy Pay,hebex436@abincol.com,3.0
437,Quick Pay,hebex437@abincol.com,4.0
438,Scan To Pay,hebex438@abincol.com,5.0
439,Online Tax payment ,hebex439@abincol.com,0.5
440,Online and mobile banking,hebex440@abincol.com,0.5
441,Consumer and corporate banking,hebex441@abincol.com,4.0
442,Online-only banking,hebex442@abincol.com,4.0
443,Telephone banking,hebex443@abincol.com,3.0
444,Checking account,hebex444@abincol.com,4.0
445,Savings account,hebex445@abincol.com,3.0
446,Money market account (MMA),hebex446@abincol.com,4.0
447,Certificate of deposit (CD),hebex447@abincol.com,2.5
448,Debit card,hebex448@abincol.com,3.5
449,Credit card,hebex449@abincol.com,3.5
450,ATM,hebex450@abincol.com,2.0
451,FDIC,hebex451@abincol.com,4.0
452,Deposit,hebex452@abincol.com,3.5
453,Withdrawal,hebex453@abincol.com,4.0
454,Fees,hebex454@abincol.com,4.0
455,home Loan,hebex455@abincol.com,3.5
456,Car Loan,hebex456@abincol.com,4.5
457,Gold Loan,hebex457@abincol.com,5.0
458,Expert For Need,hebex458@abincol.com,2.5
459,Special Privilages ,hebex459@abincol.com,3.5
460,Exclusive Priority Service,hebex460@abincol.com,3.5
461,Customer Investing Planning,hebex461@abincol.com,3.0
462,Wealth Select Account,hebex462@abincol.com,3.0
463,Sussesion And Estate Planning,hebex463@abincol.com,5.0
464, Select Frist Privilegs,hebex464@abincol.com,4.0
465,Growth Your Wealth,hebex465@abincol.com,3.5
466,Manage Your Health,hebex466@abincol.com,4.0
467,Protect Your Wealth,hebex467@abincol.com,3.0
468,Saving Account ,hebex468@abincol.com,3.0
469,Family Wealth Account,hebex469@abincol.com,3.0
470,Foreign Exchange Services,hebex470@abincol.com,4.0
471,Wealth Reword,hebex471@abincol.com,4.0
472, Investments,hebex472@abincol.com,3.0
473,Demat Account,hebex473@abincol.com,4.0
474,Mutual Fund Platform,hebex474@abincol.com,2.5
475,Iweath,hebex475@abincol.com,3.0
476,Lockers,hebex476@abincol.com,5.0
477,Imobile,hebex477@abincol.com,2.0
478,SmartVault,hebex478@abincol.com,2.0
479,E-locker,hebex479@abincol.com,4.0
480,I-Track,hebex480@abincol.com,5.0
481,Video Banking App,hebex481@abincol.com,3.0
482,Currnet Account ,hebex482@abincol.com,4.5
483,Trades Services,hebex483@abincol.com,4.0
484,Business Loan,hebex484@abincol.com,5.0
485,Business Insurance,hebex485@abincol.com,4.0
486,Cash Manegment Service,hebex486@abincol.com,3.5
487,Emeralde,hebex487@abincol.com,3.0
488,Sapphiro,hebex488@abincol.com,4.0
489,Multi-Wallet Prepaid Card,hebex489@abincol.com,3.0
490,Forex Prepaid Cards,hebex490@abincol.com,3.0
491,Rubyx,hebex491@abincol.com,5.0
492,Amazon Pay,hebex492@abincol.com,4.0
493,Manchester United,hebex493@abincol.com,4.0
494,ICICI Bank Mastercard World Debit Card,hebex494@abincol.com,3.5
495,ICICI Bank Wealth Select Infinite Debit Card,hebex495@abincol.com,1.0
496,Sapphiro Forex Prepaid Card,hebex496@abincol.com,4.5
497,Student forex Prepaid Card,hebex497@abincol.com,2.0
498,FastTag,hebex498@abincol.com,4.0
499,Prepaid Cards,hebex499@abincol.com,5.0
500,Insta Loan,hebex500@abincol.com,5.0
501,Home Loan,hebex501@abincol.com,4.0
502,Car Loan,hebex502@abincol.com,4.5
503, Two-Wheeler Loan,hebex503@abincol.com,4.5
504,Personal Loan,hebex504@abincol.com,2.0
505,Gold Loan,hebex505@abincol.com,4.0
506,Education Loan,hebex506@abincol.com,5.0
507,Commercial Vehical Loan,hebex507@abincol.com,3.0
508,Construction Equpiment Loan,hebex508@abincol.com,4.0
509,SmartVault,hebex509@abincol.com,3.0
510,E-locker,hebex510@abincol.com,4.0
511,I-Track,hebex511@abincol.com,4.0
512,Video Banking App,hebex512@abincol.com,4.0
513,Currnet Account ,hebex513@abincol.com,4.0
514,Bonds,hebex514@abincol.com,1.0
515,Fixed Deposit(FD),hebex515@abincol.com,5.0
516,Recurring Deposit(RD),hebex516@abincol.com,3.0
517,IWISH Flexible RD,hebex517@abincol.com,4.0
518,Wealth Creation,hebex518@abincol.com,3.5
519,Retiments Planning,hebex519@abincol.com,4.0
520,LandLine,hebex520@abincol.com,3.5
521, Gas,hebex521@abincol.com,4.0
522,Insurance,hebex522@abincol.com,3.0
523,Life Insurance,hebex523@abincol.com,5.0
524,Health Insurance,hebex524@abincol.com,3.5
525,Vehical Insurance,hebex525@abincol.com,5.0
526,Travel Insurance,hebex526@abincol.com,4.5
527,pradhan mantri Jeevan Jyoti Yojana,hebex527@abincol.com,5.0
528,pradhan mantri Suraksha BimaYojana,hebex528@abincol.com,3.5
529,TAX Solutions,hebex529@abincol.com,4.0
530, PAY,hebex530@abincol.com,4.0
531,ICICI Bank Pay,hebex531@abincol.com,3.0
532,UPI,hebex532@abincol.com,2.0
533,NEFT,hebex533@abincol.com,4.0
534,IMP'S,hebex534@abincol.com,3.5
535,Foreign Transfer,hebex535@abincol.com,4.0
536,Electricity ,hebex536@abincol.com,5.0
537,Water,hebex537@abincol.com,5.0
538, Gas,hebex538@abincol.com,2.5
539,LandLine,hebex539@abincol.com,4.5
540,Broadband,hebex540@abincol.com,3.0
541,FastTag,hebex541@abincol.com,3.0
542,DTH Recharge,hebex542@abincol.com,3.5
543, Mobile Recharge,hebex543@abincol.com,2.0
544,Click To Pay loan,hebex544@abincol.com,4.0
545,Pay Credit Cards Bill,hebex545@abincol.com,4.0
546,Eazy Pay,hebex546@abincol.com,3.5
547,Quick Pay,hebex547@abincol.com,3.0
548,Scan To Pay,hebex548@abincol.com,3.5
549,Online Tax payment ,hebex549@abincol.com,3.0
550,Online and mobile banking,hebex550@abincol.com,5.0
551,Consumer and corporate banking,hebex551@abincol.com,2.0
552,Online-only banking,hebex552@abincol.com,2.0
553,Telephone banking,hebex553@abincol.com,3.5
554,Checking account,hebex554@abincol.com,4.5
555,Savings account,hebex555@abincol.com,5.0
556,Money market account (MMA),hebex556@abincol.com,2.5
557,Certificate of deposit (CD),hebex557@abincol.com,3.5
558,Debit card,hebex558@abincol.com,3.5
559,Credit card,hebex559@abincol.com,3.0
560,ATM,hebex560@abincol.com,3.0
561,FDIC,hebex561@abincol.com,4.5
562,Deposit,hebex562@abincol.com,5.0
563,Withdrawal,hebex563@abincol.com,5.0
564,Fees,hebex564@abincol.com,5.0
565,home Loan,hebex565@abincol.com,4.0
566,Car Loan,hebex566@abincol.com,5.0
567,Gold Loan,hebex567@abincol.com,4.0
568,Expert For Need,hebex568@abincol.com,2.5
569,Special Privilages ,hebex569@abincol.com,2.0
570,Exclusive Priority Service,hebex570@abincol.com,4.0
571,Customer Investing Planning,hebex571@abincol.com,2.0
572,Wealth Select Account,hebex572@abincol.com,4.0
573,Sussesion And Estate Planning,hebex573@abincol.com,4.5
574, Select Frist Privilegs,hebex574@abincol.com,1.0
575,Growth Your Wealth,hebex575@abincol.com,5.0
576,Manage Your Health,hebex576@abincol.com,4.0
577,Protect Your Wealth,hebex577@abincol.com,1.5
578,Saving Account ,hebex578@abincol.com,5.0
579,Family Wealth Account,hebex579@abincol.com,5.0
580,Foreign Exchange Services,hebex580@abincol.com,2.5
581,Wealth Reword,hebex581@abincol.com,1.0
582, Investments,hebex582@abincol.com,3.5
583,Demat Account,hebex583@abincol.com,2.0
584,Mutual Fund Platform,hebex584@abincol.com,3.0
585,Iweath,hebex585@abincol.com,5.0
586,Lockers,hebex586@abincol.com,4.0
587,Imobile,hebex587@abincol.com,3.5
588,SmartVault,hebex588@abincol.com,3.5
589,E-locker,hebex589@abincol.com,4.5
590,I-Track,hebex590@abincol.com,2.0
591,Video Banking App,hebex591@abincol.com,4.0
592,Currnet Account ,hebex592@abincol.com,4.0
593,Trades Services,hebex593@abincol.com,3.0
594,Business Loan,hebex594@abincol.com,2.5
595,Business Insurance,hebex595@abincol.com,3.5
596,Cash Manegment Service,hebex596@abincol.com,4.0
597,Emeralde,hebex597@abincol.com,2.5
598,Sapphiro,hebex598@abincol.com,2.5
599,Multi-Wallet Prepaid Card,hebex599@abincol.com,4.0
600,Forex Prepaid Cards,hebex600@abincol.com,2.0
601,Rubyx,hebex601@abincol.com,3.0
602,Amazon Pay,hebex602@abincol.com,3.5
603,Manchester United,hebex603@abincol.com,5.0
604,ICICI Bank Mastercard World Debit Card,hebex604@abincol.com,3.0
605,ICICI Bank Wealth Select Infinite Debit Card,hebex605@abincol.com,3.0
606,Sapphiro Forex Prepaid Card,hebex606@abincol.com,3.0
607,Student forex Prepaid Card,hebex607@abincol.com,4.0
608,FastTag,hebex608@abincol.com,4.0
609,Prepaid Cards,hebex609@abincol.com,4.0
610,Insta Loan,hebex610@abincol.com,4.5
611,Home Loan,hebex611@abincol.com,4.0
612,Car Loan,hebex612@abincol.com,5.0
613, Two-Wheeler Loan,hebex613@abincol.com,4.5
614,Personal Loan,hebex614@abincol.com,3.0
615,Gold Loan,hebex615@abincol.com,3.5
616,Education Loan,hebex616@abincol.com,5.0
617,Commercial Vehical Loan,hebex617@abincol.com,5.0
618,Construction Equpiment Loan,hebex618@abincol.com,5.0
619,SmartVault,hebex619@abincol.com,4.0
620,E-locker,hebex620@abincol.com,5.0
621,I-Track,hebex621@abincol.com,4.0
622,Video Banking App,hebex622@abincol.com,2.5
623,Currnet Account ,hebex623@abincol.com,3.0
624,Bonds,hebex624@abincol.com,4.0
625,Fixed Deposit(FD),hebex625@abincol.com,4.0
626,Recurring Deposit(RD),hebex626@abincol.com,3.5
627,IWISH Flexible RD,hebex627@abincol.com,3.0
628,Wealth Creation,hebex628@abincol.com,3.5
629,Retiments Planning,hebex629@abincol.com,4.0
630,LandLine,hebex630@abincol.com,4.0
631, Gas,hebex631@abincol.com,2.5
632,Insurance,hebex632@abincol.com,4.0
633,Life Insurance,hebex633@abincol.com,5.0
634,Health Insurance,hebex634@abincol.com,4.0
635,Vehical Insurance,hebex635@abincol.com,5.0
636,Travel Insurance,hebex636@abincol.com,3.5
637,pradhan mantri Jeevan Jyoti Yojana,hebex637@abincol.com,2.5
638,pradhan mantri Suraksha BimaYojana,hebex638@abincol.com,3.5
639,TAX Solutions,hebex639@abincol.com,5.0
640, PAY,hebex640@abincol.com,4.0
641,ICICI Bank Pay,hebex641@abincol.com,4.0
642,UPI,hebex642@abincol.com,4.0
643,NEFT,hebex643@abincol.com,4.5
644,IMP'S,hebex644@abincol.com,3.0
645,Foreign Transfer,hebex645@abincol.com,4.5
646,Electricity ,hebex646@abincol.com,4.0
647,Water,hebex647@abincol.com,4.0
648, Gas,hebex648@abincol.com,2.0
649,LandLine,hebex649@abincol.com,4.0
650,Broadband,hebex650@abincol.com,4.0
651,FastTag,hebex651@abincol.com,4.5
652,DTH Recharge,hebex652@abincol.com,3.5
653, Mobile Recharge,hebex653@abincol.com,5.0
654,Click To Pay loan,hebex654@abincol.com,2.0
655,Pay Credit Cards Bill,hebex655@abincol.com,5.0
656,Eazy Pay,hebex656@abincol.com,2.5
657,Quick Pay,hebex657@abincol.com,3.5
658,Scan To Pay,hebex658@abincol.com,3.5
659,Online Tax payment ,hebex659@abincol.com,4.0
660,Online and mobile banking,hebex660@abincol.com,5.0
661,Consumer and corporate banking,hebex661@abincol.com,5.0
662,Online-only banking,hebex662@abincol.com,3.0
663,Telephone banking,hebex663@abincol.com,3.0
664,Checking account,hebex664@abincol.com,5.0
665,Savings account,hebex665@abincol.com,4.5
666,Money market account (MMA),hebex666@abincol.com,3.5
667,Certificate of deposit (CD),hebex667@abincol.com,4.0
668,Debit card,hebex668@abincol.com,4.0
669,Credit card,hebex669@abincol.com,4.0
670,ATM,hebex670@abincol.com,2.5
671,FDIC,hebex671@abincol.com,3.0
672,Deposit,hebex672@abincol.com,3.5
673,Withdrawal,hebex673@abincol.com,5.0
674,Fees,hebex674@abincol.com,3.0
675,home Loan,hebex675@abincol.com,4.0
676,Car Loan,hebex676@abincol.com,5.0
677,Gold Loan,hebex677@abincol.com,3.5
678,Expert For Need,hebex678@abincol.com,4.0
679,Special Privilages ,hebex679@abincol.com,2.0
680,Exclusive Priority Service,hebex680@abincol.com,4.5
681,Customer Investing Planning,hebex681@abincol.com,4.0
682,Wealth Select Account,hebex682@abincol.com,3.0
683,Sussesion And Estate Planning,hebex683@abincol.com,5.0
684, Select Frist Privilegs,hebex684@abincol.com,2.5
685,Growth Your Wealth,hebex685@abincol.com,2.0
686,Manage Your Health,hebex686@abincol.com,2.0
687,Protect Your Wealth,hebex687@abincol.com,3.0
688,Saving Account ,hebex688@abincol.com,4.0
689,Family Wealth Account,hebex689@abincol.com,3.0
690,Foreign Exchange Services,hebex690@abincol.com,4.0
691,Wealth Reword,hebex691@abincol.com,2.0
692, Investments,hebex692@abincol.com,3.0
693,Demat Account,hebex693@abincol.com,4.0
694,Mutual Fund Platform,hebex694@abincol.com,3.5
695,Iweath,hebex695@abincol.com,3.0
696,Lockers,hebex696@abincol.com,4.5
697,Imobile,hebex697@abincol.com,4.0
698,SmartVault,hebex698@abincol.com,4.0
699,E-locker,hebex699@abincol.com,4.0
700,I-Track,hebex700@abincol.com,4.0
701,Video Banking App,hebex701@abincol.com,3.0
702,Currnet Account ,hebex702@abincol.com,5.0
703,Trades Services,hebex703@abincol.com,4.5
704,Business Loan,hebex704@abincol.com,1.5
705,Business Insurance,hebex705@abincol.com,4.0
706,Cash Manegment Service,hebex706@abincol.com,3.0
707,Emeralde,hebex707@abincol.com,5.0
708,Sapphiro,hebex708@abincol.com,3.5
709,Multi-Wallet Prepaid Card,hebex709@abincol.com,4.5
710,Forex Prepaid Cards,hebex710@abincol.com,3.5
711,Rubyx,hebex711@abincol.com,4.0
712,Amazon Pay,hebex712@abincol.com,4.0
713,Manchester United,hebex713@abincol.com,4.0
714,ICICI Bank Mastercard World Debit Card,hebex714@abincol.com,3.0
715,ICICI Bank Wealth Select Infinite Debit Card,hebex715@abincol.com,3.5
716,Sapphiro Forex Prepaid Card,hebex716@abincol.com,4.0
717,Student forex Prepaid Card,hebex717@abincol.com,4.0
718,FastTag,hebex718@abincol.com,4.0
719,Prepaid Cards,hebex719@abincol.com,4.0
720,Insta Loan,hebex720@abincol.com,5.0
721,Home Loan,hebex721@abincol.com,2.5
722,Car Loan,hebex722@abincol.com,3.0
723, Two-Wheeler Loan,hebex723@abincol.com,4.0
724,Personal Loan,hebex724@abincol.com,4.0
725,Gold Loan,hebex725@abincol.com,4.0
726,Education Loan,hebex726@abincol.com,3.0
727,Commercial Vehical Loan,hebex727@abincol.com,4.0
728,Construction Equpiment Loan,hebex728@abincol.com,4.0
729,SmartVault,hebex729@abincol.com,4.5
730,E-locker,hebex730@abincol.com,3.5
731,I-Track,hebex731@abincol.com,5.0
732,Video Banking App,hebex732@abincol.com,5.0
733,Currnet Account ,hebex733@abincol.com,2.0
734,Bonds,hebex734@abincol.com,5.0
735,Fixed Deposit(FD),hebex735@abincol.com,5.0
736,Recurring Deposit(RD),hebex736@abincol.com,5.0
737,IWISH Flexible RD,hebex737@abincol.com,4.0
738,Wealth Creation,hebex738@abincol.com,3.5
739,Retiments Planning,hebex739@abincol.com,2.0
740,LandLine,hebex740@abincol.com,2.0
741, Gas,hebex741@abincol.com,4.5
742,Insurance,hebex742@abincol.com,0.5
743,Life Insurance,hebex743@abincol.com,5.0
744,Health Insurance,hebex744@abincol.com,3.0
745,Vehical Insurance,hebex745@abincol.com,5.0
746,Travel Insurance,hebex746@abincol.com,4.5
747,pradhan mantri Jeevan Jyoti Yojana,hebex747@abincol.com,3.5
748,pradhan mantri Suraksha BimaYojana,hebex748@abincol.com,3.0
749,TAX Solutions,hebex749@abincol.com,4.0
750, PAY,hebex750@abincol.com,4.0
751,ICICI Bank Pay,hebex751@abincol.com,4.0
752,UPI,hebex752@abincol.com,4.0
753,NEFT,hebex753@abincol.com,4.0
754,IMP'S,hebex754@abincol.com,4.0
755,Foreign Transfer,hebex755@abincol.com,3.0
756,Electricity ,hebex756@abincol.com,4.5
757,Water,hebex757@abincol.com,2.0
758, Gas,hebex758@abincol.com,5.0
759,LandLine,hebex759@abincol.com,3.0
760,Broadband,hebex760@abincol.com,4.0
761,FastTag,hebex761@abincol.com,3.5
762,DTH Recharge,hebex762@abincol.com,3.0
763, Mobile Recharge,hebex763@abincol.com,5.0
764,Click To Pay loan,hebex764@abincol.com,3.0
765,Pay Credit Cards Bill,hebex765@abincol.com,4.5
766,Eazy Pay,hebex766@abincol.com,5.0
767,Quick Pay,hebex767@abincol.com,3.5
768,Scan To Pay,hebex768@abincol.com,4.0
769,Online Tax payment ,hebex769@abincol.com,3.5
770,Online and mobile banking,hebex770@abincol.com,3.0
771,Consumer and corporate banking,hebex771@abincol.com,3.0
772,Online-only banking,hebex772@abincol.com,4.0
773,Telephone banking,hebex773@abincol.com,3.0
774,Checking account,hebex774@abincol.com,3.0
775,Savings account,hebex775@abincol.com,2.0
776,Money market account (MMA),hebex776@abincol.com,4.0
777,Certificate of deposit (CD),hebex777@abincol.com,4.0
778,Debit card,hebex778@abincol.com,5.0
779,Credit card,hebex779@abincol.com,3.0
780,ATM,hebex780@abincol.com,4.5
781,FDIC,hebex781@abincol.com,3.5
782,Deposit,hebex782@abincol.com,5.0
783,Withdrawal,hebex783@abincol.com,2.0
784,Fees,hebex784@abincol.com,3.0
785,home Loan,hebex785@abincol.com,3.5
786,Car Loan,hebex786@abincol.com,4.0
787,Gold Loan,hebex787@abincol.com,5.0
788,Expert For Need,hebex788@abincol.com,4.0
789,Special Privilages ,hebex789@abincol.com,4.0
790,Exclusive Priority Service,hebex790@abincol.com,5.0
791,Customer Investing Planning,hebex791@abincol.com,4.5
792,Wealth Select Account,hebex792@abincol.com,3.0
793,Sussesion And Estate Planning,hebex793@abincol.com,3.5
794, Select Frist Privilegs,hebex794@abincol.com,3.5
795,Growth Your Wealth,hebex795@abincol.com,3.5
796,Manage Your Health,hebex796@abincol.com,4.5
797,Protect Your Wealth,hebex797@abincol.com,3.0
798,Saving Account ,hebex798@abincol.com,2.0
799,Family Wealth Account,hebex799@abincol.com,3.5
800,Foreign Exchange Services,hebex800@abincol.com,1.0
801,Wealth Reword,hebex801@abincol.com,4.0
802, Investments,hebex802@abincol.com,4.0
803,Demat Account,hebex803@abincol.com,4.5
804,Mutual Fund Platform,hebex804@abincol.com,1.5
805,Iweath,hebex805@abincol.com,4.5
806,Lockers,hebex806@abincol.com,2.0
807,Imobile,hebex807@abincol.com,3.5
808,SmartVault,hebex808@abincol.com,3.0
809,E-locker,hebex809@abincol.com,1.0
810,I-Track,hebex810@abincol.com,4.0
811,Video Banking App,hebex811@abincol.com,4.0
812,Currnet Account ,hebex812@abincol.com,4.0
813,Trades Services,hebex813@abincol.com,5.0
814,Business Loan,hebex814@abincol.com,3.0
815,Business Insurance,hebex815@abincol.com,3.5
816,Cash Manegment Service,hebex816@abincol.com,4.5
817,Emeralde,hebex817@abincol.com,1.0
818,Sapphiro,hebex818@abincol.com,5.0
819,Multi-Wallet Prepaid Card,hebex819@abincol.com,3.5
820,Forex Prepaid Cards,hebex820@abincol.com,3.5
821,Rubyx,hebex821@abincol.com,4.0
822,Amazon Pay,hebex822@abincol.com,4.5
823,Manchester United,hebex823@abincol.com,3.0
824,ICICI Bank Mastercard World Debit Card,hebex824@abincol.com,4.0
825,ICICI Bank Wealth Select Infinite Debit Card,hebex825@abincol.com,2.5
826,Sapphiro Forex Prepaid Card,hebex826@abincol.com,0.5
827,Student forex Prepaid Card,hebex827@abincol.com,3.0
828,FastTag,hebex828@abincol.com,2.5
829,Prepaid Cards,hebex829@abincol.com,2.0
830,Insta Loan,hebex830@abincol.com,4.0
831,Home Loan,hebex831@abincol.com,4.0
832,Car Loan,hebex832@abincol.com,4.5
833, Two-Wheeler Loan,hebex833@abincol.com,4.0
834,Personal Loan,hebex834@abincol.com,4.0
835,Gold Loan,hebex835@abincol.com,5.0
836,Education Loan,hebex836@abincol.com,5.0
837,Commercial Vehical Loan,hebex837@abincol.com,4.5
838,Construction Equpiment Loan,hebex838@abincol.com,2.0
839,SmartVault,hebex839@abincol.com,3.0
840,E-locker,hebex840@abincol.com,3.0
841,I-Track,hebex841@abincol.com,4.0
842,Video Banking App,hebex842@abincol.com,2.0
843,Currnet Account ,hebex843@abincol.com,5.0
844,Bonds,hebex844@abincol.com,5.0
845,Fixed Deposit(FD),hebex845@abincol.com,4.0
846,Recurring Deposit(RD),hebex846@abincol.com,3.0
847,IWISH Flexible RD,hebex847@abincol.com,3.0
848,Wealth Creation,hebex848@abincol.com,5.0
849,Retiments Planning,hebex849@abincol.com,4.0
850,LandLine,hebex850@abincol.com,5.0
851, Gas,hebex851@abincol.com,1.5
852,Insurance,hebex852@abincol.com,4.0
853,Life Insurance,hebex853@abincol.com,3.0
854,Health Insurance,hebex854@abincol.com,3.0
855,Vehical Insurance,hebex855@abincol.com,5.0
856,Travel Insurance,hebex856@abincol.com,5.0
857,pradhan mantri Jeevan Jyoti Yojana,hebex857@abincol.com,3.0
858,pradhan mantri Suraksha BimaYojana,hebex858@abincol.com,3.0
859,TAX Solutions,hebex859@abincol.com,5.0
860, PAY,hebex860@abincol.com,5.0
861,ICICI Bank Pay,hebex861@abincol.com,2.5
862,UPI,hebex862@abincol.com,3.0
863,NEFT,hebex863@abincol.com,4.5
864,IMP'S,hebex864@abincol.com,2.5
865,Foreign Transfer,hebex865@abincol.com,4.0
866,Electricity ,hebex866@abincol.com,4.0
867,Water,hebex867@abincol.com,4.0
868, Gas,hebex868@abincol.com,5.0
869,LandLine,hebex869@abincol.com,4.0
870,Broadband,hebex870@abincol.com,4.0
871,FastTag,hebex871@abincol.com,3.0
872,DTH Recharge,hebex872@abincol.com,3.0
873, Mobile Recharge,hebex873@abincol.com,2.0
874,Click To Pay loan,hebex874@abincol.com,2.5
875,Pay Credit Cards Bill,hebex875@abincol.com,4.0
876,Eazy Pay,hebex876@abincol.com,4.0
877,Quick Pay,hebex877@abincol.com,5.0
878,Scan To Pay,hebex878@abincol.com,4.0
879,Online Tax payment ,hebex879@abincol.com,4.0
880,Online and mobile banking,hebex880@abincol.com,4.5
881,Consumer and corporate banking,hebex881@abincol.com,3.5
882,Online-only banking,hebex882@abincol.com,4.0
883,Telephone banking,hebex883@abincol.com,2.5
884,Checking account,hebex884@abincol.com,3.0
885,Savings account,hebex885@abincol.com,4.0
886,Money market account (MMA),hebex886@abincol.com,4.0
887,Certificate of deposit (CD),hebex887@abincol.com,3.0
888,Debit card,hebex888@abincol.com,5.0
889,Credit card,hebex889@abincol.com,4.5
890,ATM,hebex890@abincol.com,1.0
891,FDIC,hebex891@abincol.com,4.0
892,Deposit,hebex892@abincol.com,5.0
893,Withdrawal,hebex893@abincol.com,5.0
894,Fees,hebex894@abincol.com,5.0
895,home Loan,hebex895@abincol.com,3.0
896,Car Loan,hebex896@abincol.com,5.0
897,Gold Loan,hebex897@abincol.com,4.0
898,Expert For Need,hebex898@abincol.com,5.0
899,Special Privilages ,hebex899@abincol.com,4.0
900,Exclusive Priority Service,hebex900@abincol.com,3.5
901,Customer Investing Planning,hebex901@abincol.com,4.0
902,Wealth Select Account,hebex902@abincol.com,4.0
903,Sussesion And Estate Planning,hebex903@abincol.com,3.5
904, Select Frist Privilegs,hebex904@abincol.com,0.5
905,Growth Your Wealth,hebex905@abincol.com,3.0
906,Manage Your Health,hebex906@abincol.com,4.5
907,Protect Your Wealth,hebex907@abincol.com,3.5
908,Saving Account ,hebex908@abincol.com,4.0
909,Family Wealth Account,hebex909@abincol.com,3.0
910,Foreign Exchange Services,hebex910@abincol.com,4.0
911,Wealth Reword,hebex911@abincol.com,3.0
912, Investments,hebex912@abincol.com,3.0
913,Demat Account,hebex913@abincol.com,3.0
914,Mutual Fund Platform,hebex914@abincol.com,4.5
915,Iweath,hebex915@abincol.com,4.0
916,Lockers,hebex916@abincol.com,4.0
917,Imobile,hebex917@abincol.com,3.0
918,SmartVault,hebex918@abincol.com,3.5
919,E-locker,hebex919@abincol.com,4.0
920,I-Track,hebex920@abincol.com,3.0
921,Video Banking App,hebex921@abincol.com,4.0
922,Currnet Account ,hebex922@abincol.com,4.0
923,Trades Services,hebex923@abincol.com,3.5
924,Business Loan,hebex924@abincol.com,4.0
925,Business Insurance,hebex925@abincol.com,5.0
926,Cash Manegment Service,hebex926@abincol.com,5.0
927,Emeralde,hebex927@abincol.com,2.0
928,Sapphiro,hebex928@abincol.com,3.0
929,Multi-Wallet Prepaid Card,hebex929@abincol.com,3.0
930,Forex Prepaid Cards,hebex930@abincol.com,4.0
931,Rubyx,hebex931@abincol.com,5.0
932,Amazon Pay,hebex932@abincol.com,5.0
933,Manchester United,hebex933@abincol.com,2.5
934,ICICI Bank Mastercard World Debit Card,hebex934@abincol.com,3.5
935,ICICI Bank Wealth Select Infinite Debit Card,hebex935@abincol.com,4.0
936,Sapphiro Forex Prepaid Card,hebex936@abincol.com,3.0
937,Student forex Prepaid Card,hebex937@abincol.com,3.5
938,FastTag,hebex938@abincol.com,4.5
939,Prepaid Cards,hebex939@abincol.com,4.0
940,Insta Loan,hebex940@abincol.com,3.0
941,Home Loan,hebex941@abincol.com,3.5
942,Car Loan,hebex942@abincol.com,5.0
943, Two-Wheeler Loan,hebex943@abincol.com,2.5
944,Personal Loan,hebex944@abincol.com,5.0
945,Gold Loan,hebex945@abincol.com,4.0
946,Education Loan,hebex946@abincol.com,4.5
947,Commercial Vehical Loan,hebex947@abincol.com,2.5
948,Construction Equpiment Loan,hebex948@abincol.com,4.5
949,SmartVault,hebex949@abincol.com,5.0
950,E-locker,hebex950@abincol.com,4.0
951,I-Track,hebex951@abincol.com,3.0
952,Video Banking App,hebex952@abincol.com,5.0
953,Currnet Account ,hebex953@abincol.com,4.0
954,Bonds,hebex954@abincol.com,5.0
955,Fixed Deposit(FD),hebex955@abincol.com,3.0
956,Recurring Deposit(RD),hebex956@abincol.com,5.0
957,IWISH Flexible RD,hebex957@abincol.com,4.0
958,Wealth Creation,hebex958@abincol.com,2.0
959,Retiments Planning,hebex959@abincol.com,4.5
960,LandLine,hebex960@abincol.com,3.0
961, Gas,hebex961@abincol.com,5.0
962,Insurance,hebex962@abincol.com,4.0
963,Life Insurance,hebex963@abincol.com,3.0
964,Health Insurance,hebex964@abincol.com,5.0
965,Vehical Insurance,hebex965@abincol.com,3.0
966,Travel Insurance,hebex966@abincol.com,4.0
967,pradhan mantri Jeevan Jyoti Yojana,hebex967@abincol.com,3.0
968,pradhan mantri Suraksha BimaYojana,hebex968@abincol.com,3.0
969,TAX Solutions,hebex969@abincol.com,2.0
970, PAY,hebex970@abincol.com,4.0
971,ICICI Bank Pay,hebex971@abincol.com,4.0
972,UPI,hebex972@abincol.com,5.0
973,NEFT,hebex973@abincol.com,4.0
974,IMP'S,hebex974@abincol.com,4.5
975,Foreign Transfer,hebex975@abincol.com,5.0
976,Electricity ,hebex976@abincol.com,4.0
977,Water,hebex977@abincol.com,5.0
978, Gas,hebex978@abincol.com,4.0
979,LandLine,hebex979@abincol.com,3.0
980,Broadband,hebex980@abincol.com,2.5
981,FastTag,hebex981@abincol.com,4.0
982,DTH Recharge,hebex982@abincol.com,3.5
983, Mobile Recharge,hebex983@abincol.com,4.0
984,Click To Pay loan,hebex984@abincol.com,5.0
985,Pay Credit Cards Bill,hebex985@abincol.com,5.0
986,Eazy Pay,hebex986@abincol.com,4.0
987,Quick Pay,hebex987@abincol.com,4.0
988,Scan To Pay,hebex988@abincol.com,3.0
989,Online Tax payment ,hebex989@abincol.com,5.0
990,Online and mobile banking,hebex990@abincol.com,5.0
991,Consumer and corporate banking,hebex991@abincol.com,4.0
992,Online-only banking,hebex992@abincol.com,3.0
993,Telephone banking,hebex993@abincol.com,4.0
994,Checking account,hebex994@abincol.com,4.0
995,Savings account,hebex995@abincol.com,2.0
996,Money market account (MMA),hebex996@abincol.com,3.0
997,Certificate of deposit (CD),hebex997@abincol.com,5.0
998,Debit card,hebex998@abincol.com,5.0
999,Credit card,hebex999@abincol.com,4.0
1000,ATM,hebex1000@abincol.com,4.0
1001,FDIC,hebex1001@abincol.com,4.0
1002,Deposit,hebex1002@abincol.com,3.0
1003,Withdrawal,hebex1003@abincol.com,3.0
1004,Fees,hebex1004@abincol.com,3.5
1005,home Loan,hebex1005@abincol.com,3.5
1006,Car Loan,hebex1006@abincol.com,5.0
1007,Gold Loan,hebex1007@abincol.com,4.0
1008,Expert For Need,hebex1008@abincol.com,3.0
1009,Special Privilages ,hebex1009@abincol.com,3.5
1010,Exclusive Priority Service,hebex1010@abincol.com,3.5
1011,Customer Investing Planning,hebex1011@abincol.com,3.0
1012,Wealth Select Account,hebex1012@abincol.com,5.0
1013,Sussesion And Estate Planning,hebex1013@abincol.com,3.0
1014, Select Frist Privilegs,hebex1014@abincol.com,2.0
1015,Growth Your Wealth,hebex1015@abincol.com,5.0
1016,Manage Your Health,hebex1016@abincol.com,5.0
1017,Protect Your Wealth,hebex1017@abincol.com,1.0
1018,Saving Account ,hebex1018@abincol.com,4.0
1019,Family Wealth Account,hebex1019@abincol.com,4.0
1020,Foreign Exchange Services,hebex1020@abincol.com,3.0
1021,Wealth Reword,hebex1021@abincol.com,2.0
1022, Investments,hebex1022@abincol.com,4.0
1023,Demat Account,hebex1023@abincol.com,5.0
1024,Mutual Fund Platform,hebex1024@abincol.com,4.0
1025,Iweath,hebex1025@abincol.com,3.5
1026,Lockers,hebex1026@abincol.com,5.0
1027,Imobile,hebex1027@abincol.com,5.0
1028,SmartVault,hebex1028@abincol.com,4.0
1029,E-locker,hebex1029@abincol.com,4.0
1030,I-Track,hebex1030@abincol.com,5.0
1031,Video Banking App,hebex1031@abincol.com,2.0
1032,Currnet Account ,hebex1032@abincol.com,4.0
1033,Trades Services,hebex1033@abincol.com,4.0
1034,Business Loan,hebex1034@abincol.com,4.0
1035,Business Insurance,hebex1035@abincol.com,5.0
1036,Cash Manegment Service,hebex1036@abincol.com,4.0
1037,Emeralde,hebex1037@abincol.com,5.0
1038,Sapphiro,hebex1038@abincol.com,5.0
1039,Multi-Wallet Prepaid Card,hebex1039@abincol.com,4.0
1040,Forex Prepaid Cards,hebex1040@abincol.com,3.0
1041,Rubyx,hebex1041@abincol.com,2.0
1042,Amazon Pay,hebex1042@abincol.com,3.0
1043,Manchester United,hebex1043@abincol.com,3.0
1044,ICICI Bank Mastercard World Debit Card,hebex1044@abincol.com,5.0
1045,ICICI Bank Wealth Select Infinite Debit Card,hebex1045@abincol.com,5.0
1046,Sapphiro Forex Prepaid Card,hebex1046@abincol.com,5.0
1047,Student forex Prepaid Card,hebex1047@abincol.com,4.5
1048,FastTag,hebex1048@abincol.com,2.5
1049,Prepaid Cards,hebex1049@abincol.com,2.0
1050,Insta Loan,hebex1050@abincol.com,4.0
1051,Home Loan,hebex1051@abincol.com,3.5
1052,Car Loan,hebex1052@abincol.com,4.5
1053, Two-Wheeler Loan,hebex1053@abincol.com,3.0
1054,Personal Loan,hebex1054@abincol.com,5.0
1055,Gold Loan,hebex1055@abincol.com,4.5
1056,Education Loan,hebex1056@abincol.com,5.0
1057,Commercial Vehical Loan,hebex1057@abincol.com,4.0
1058,Construction Equpiment Loan,hebex1058@abincol.com,4.0
1059,SmartVault,hebex1059@abincol.com,3.5
1060,E-locker,hebex1060@abincol.com,5.0
1061,I-Track,hebex1061@abincol.com,4.0
1062,Video Banking App,hebex1062@abincol.com,4.5
1063,Currnet Account ,hebex1063@abincol.com,4.0
1064,Bonds,hebex1064@abincol.com,5.0
1065,Fixed Deposit(FD),hebex1065@abincol.com,5.0
1066,Recurring Deposit(RD),hebex1066@abincol.com,3.0
1067,IWISH Flexible RD,hebex1067@abincol.com,3.5
1068,Wealth Creation,hebex1068@abincol.com,3.0
1069,Retiments Planning,hebex1069@abincol.com,3.0
1070,LandLine,hebex1070@abincol.com,3.5
1071, Gas,hebex1071@abincol.com,5.0
1072,Insurance,hebex1072@abincol.com,3.0
1073,Life Insurance,hebex1073@abincol.com,3.5
1074,Health Insurance,hebex1074@abincol.com,4.0
1075,Vehical Insurance,hebex1075@abincol.com,3.0
1076,Travel Insurance,hebex1076@abincol.com,5.0
1077,pradhan mantri Jeevan Jyoti Yojana,hebex1077@abincol.com,4.0
1078,pradhan mantri Suraksha BimaYojana,hebex1078@abincol.com,3.5
1079,TAX Solutions,hebex1079@abincol.com,3.0
1080, PAY,hebex1080@abincol.com,4.0
1081,ICICI Bank Pay,hebex1081@abincol.com,4.5
1082,UPI,hebex1082@abincol.com,4.0
1083,NEFT,hebex1083@abincol.com,4.0
1084,IMP'S,hebex1084@abincol.com,3.5
1085,Foreign Transfer,hebex1085@abincol.com,4.5
1086,Electricity ,hebex1086@abincol.com,3.5
1087,Water,hebex1087@abincol.com,1.5
1088, Gas,hebex1088@abincol.com,3.0
1089,LandLine,hebex1089@abincol.com,3.0
1090,Broadband,hebex1090@abincol.com,3.0
1091,FastTag,hebex1091@abincol.com,5.0
1092,DTH Recharge,hebex1092@abincol.com,3.5
1093, Mobile Recharge,hebex1093@abincol.com,2.0
1094,Click To Pay loan,hebex1094@abincol.com,3.5
1095,Pay Credit Cards Bill,hebex1095@abincol.com,4.0
1096,Eazy Pay,hebex1096@abincol.com,1.0
1097,Quick Pay,hebex1097@abincol.com,3.0
1098,Scan To Pay,hebex1098@abincol.com,4.0
1099,Online Tax payment ,hebex1099@abincol.com,5.0
1100,Online and mobile banking,hebex1100@abincol.com,5.0
1101,Consumer and corporate banking,hebex1101@abincol.com,4.5
1102,Online-only banking,hebex1102@abincol.com,4.0
1103,Telephone banking,hebex1103@abincol.com,4.5
1104,Checking account,hebex1104@abincol.com,4.0
1105,Savings account,hebex1105@abincol.com,3.5
1106,Money market account (MMA),hebex1106@abincol.com,2.0
1107,Certificate of deposit (CD),hebex1107@abincol.com,3.0
1108,Debit card,hebex1108@abincol.com,4.0
1109,Credit card,hebex1109@abincol.com,3.0
1110,ATM,hebex1110@abincol.com,3.0
1111,FDIC,hebex1111@abincol.com,4.0
1112,Deposit,hebex1112@abincol.com,5.0
1113,Withdrawal,hebex1113@abincol.com,4.0
1114,Fees,hebex1114@abincol.com,3.5
1115,home Loan,hebex1115@abincol.com,5.0
1116,Car Loan,hebex1116@abincol.com,4.0
1117,Gold Loan,hebex1117@abincol.com,4.0
1118,Expert For Need,hebex1118@abincol.com,4.0
1119,Special Privilages ,hebex1119@abincol.com,3.0
1120,Exclusive Priority Service,hebex1120@abincol.com,3.5
1121,Customer Investing Planning,hebex1121@abincol.com,4.0
1122,Wealth Select Account,hebex1122@abincol.com,4.5
1123,Sussesion And Estate Planning,hebex1123@abincol.com,4.0
1124, Select Frist Privilegs,hebex1124@abincol.com,4.0
1125,Growth Your Wealth,hebex1125@abincol.com,4.5
1126,Manage Your Health,hebex1126@abincol.com,4.0
1127,Protect Your Wealth,hebex1127@abincol.com,3.0
1128,Saving Account ,hebex1128@abincol.com,4.5
1129,Family Wealth Account,hebex1129@abincol.com,3.5
1130,Foreign Exchange Services,hebex1130@abincol.com,3.0
1131,Wealth Reword,hebex1131@abincol.com,4.0
1132, Investments,hebex1132@abincol.com,3.0
1133,Demat Account,hebex1133@abincol.com,4.0
1134,Mutual Fund Platform,hebex1134@abincol.com,2.5
1135,Iweath,hebex1135@abincol.com,2.0
1136,Lockers,hebex1136@abincol.com,3.5
1137,Imobile,hebex1137@abincol.com,3.5
1138,SmartVault,hebex1138@abincol.com,5.0
1139,E-locker,hebex1139@abincol.com,4.5
1140,I-Track,hebex1140@abincol.com,4.0
1141,Video Banking App,hebex1141@abincol.com,4.0
1142,Currnet Account ,hebex1142@abincol.com,3.0
1143,Trades Services,hebex1143@abincol.com,3.5
1144,Business Loan,hebex1144@abincol.com,3.0
1145,Business Insurance,hebex1145@abincol.com,2.0
1146,Cash Manegment Service,hebex1146@abincol.com,4.0
1147,Emeralde,hebex1147@abincol.com,4.0
1148,Sapphiro,hebex1148@abincol.com,5.0
1149,Multi-Wallet Prepaid Card,hebex1149@abincol.com,4.0
1150,Forex Prepaid Cards,hebex1150@abincol.com,4.5
1151,Rubyx,hebex1151@abincol.com,3.0
1152,Amazon Pay,hebex1152@abincol.com,3.5
1153,Manchester United,hebex1153@abincol.com,3.0
1154,ICICI Bank Mastercard World Debit Card,hebex1154@abincol.com,3.5
1155,ICICI Bank Wealth Select Infinite Debit Card,hebex1155@abincol.com,5.0
1156,Sapphiro Forex Prepaid Card,hebex1156@abincol.com,3.0
1157,Student forex Prepaid Card,hebex1157@abincol.com,2.0
1158,FastTag,hebex1158@abincol.com,5.0
1159,Prepaid Cards,hebex1159@abincol.com,0.5
1160,Insta Loan,hebex1160@abincol.com,4.0
1161,Home Loan,hebex1161@abincol.com,3.0
1162,Car Loan,hebex1162@abincol.com,4.0
1163, Two-Wheeler Loan,hebex1163@abincol.com,3.0
1164,Personal Loan,hebex1164@abincol.com,3.5
1165,Gold Loan,hebex1165@abincol.com,5.0
1166,Education Loan,hebex1166@abincol.com,4.5
1167,Commercial Vehical Loan,hebex1167@abincol.com,3.5
1168,Construction Equpiment Loan,hebex1168@abincol.com,5.0
1169,SmartVault,hebex1169@abincol.com,4.0
1170,E-locker,hebex1170@abincol.com,4.0
1171,I-Track,hebex1171@abincol.com,4.0
1172,Video Banking App,hebex1172@abincol.com,5.0
1173,Currnet Account ,hebex1173@abincol.com,2.0
1174,Bonds,hebex1174@abincol.com,3.5
1175,Fixed Deposit(FD),hebex1175@abincol.com,3.0
1176,Recurring Deposit(RD),hebex1176@abincol.com,5.0
1177,IWISH Flexible RD,hebex1177@abincol.com,5.0
1178,Wealth Creation,hebex1178@abincol.com,2.0
1179,Retiments Planning,hebex1179@abincol.com,3.5
1180,LandLine,hebex1180@abincol.com,3.0
1181, Gas,hebex1181@abincol.com,4.0
1182,Insurance,hebex1182@abincol.com,4.0
1183,Life Insurance,hebex1183@abincol.com,2.5
1184,Health Insurance,hebex1184@abincol.com,5.0
1185,Vehical Insurance,hebex1185@abincol.com,4.0
1186,Travel Insurance,hebex1186@abincol.com,3.5
1187,pradhan mantri Jeevan Jyoti Yojana,hebex1187@abincol.com,4.0
1188,pradhan mantri Suraksha BimaYojana,hebex1188@abincol.com,4.5
1189,TAX Solutions,hebex1189@abincol.com,4.0
1190, PAY,hebex1190@abincol.com,3.0
1191,ICICI Bank Pay,hebex1191@abincol.com,3.5
1192,UPI,hebex1192@abincol.com,4.0
1193,NEFT,hebex1193@abincol.com,3.5
1194,IMP'S,hebex1194@abincol.com,4.0
1195,Foreign Transfer,hebex1195@abincol.com,0.5
1196,Electricity ,hebex1196@abincol.com,0.5
1197,Water,hebex1197@abincol.com,4.0
1198, Gas,hebex1198@abincol.com,5.0
1199,LandLine,hebex1199@abincol.com,2.0
1200,Broadband,hebex1200@abincol.com,4.0
1201,FastTag,hebex1201@abincol.com,2.0
1202,DTH Recharge,hebex1202@abincol.com,4.0
1203, Mobile Recharge,hebex1203@abincol.com,5.0
1204,Click To Pay loan,hebex1204@abincol.com,4.5
1205,Pay Credit Cards Bill,hebex1205@abincol.com,1.5
1206,Eazy Pay,hebex1206@abincol.com,5.0
1207,Quick Pay,hebex1207@abincol.com,4.0
1208,Scan To Pay,hebex1208@abincol.com,4.0
1209,Online Tax payment ,hebex1209@abincol.com,4.0
1210,Online and mobile banking,hebex1210@abincol.com,3.5
1211,Consumer and corporate banking,hebex1211@abincol.com,4.0
1212,Online-only banking,hebex1212@abincol.com,4.0
1213,Telephone banking,hebex1213@abincol.com,2.5
1214,Checking account,hebex1214@abincol.com,4.0
1215,Savings account,hebex1215@abincol.com,5.0
1216,Money market account (MMA),hebex1216@abincol.com,3.5
1217,Certificate of deposit (CD),hebex1217@abincol.com,3.5
1218,Debit card,hebex1218@abincol.com,3.0
1219,Credit card,hebex1219@abincol.com,2.0
1220,ATM,hebex1220@abincol.com,5.0
1221,FDIC,hebex1221@abincol.com,3.0
1222,Deposit,hebex1222@abincol.com,5.0
1223,Withdrawal,hebex1223@abincol.com,4.0
1224,Fees,hebex1224@abincol.com,3.0
1225,home Loan,hebex1225@abincol.com,3.0
1226,Car Loan,hebex1226@abincol.com,5.0
1227,Gold Loan,hebex1227@abincol.com,2.0
1228,Expert For Need,hebex1228@abincol.com,3.5
1229,Special Privilages ,hebex1229@abincol.com,3.5
1230,Exclusive Priority Service,hebex1230@abincol.com,5.0
1231,Customer Investing Planning,hebex1231@abincol.com,4.0
1232,Wealth Select Account,hebex1232@abincol.com,4.5
1233,Sussesion And Estate Planning,hebex1233@abincol.com,3.0
1234, Select Frist Privilegs,hebex1234@abincol.com,3.5
1235,Growth Your Wealth,hebex1235@abincol.com,2.5
1236,Manage Your Health,hebex1236@abincol.com,4.5
1237,Protect Your Wealth,hebex1237@abincol.com,4.0
1238,Saving Account ,hebex1238@abincol.com,1.0
1239,Family Wealth Account,hebex1239@abincol.com,3.0
1240,Foreign Exchange Services,hebex1240@abincol.com,3.5
1241,Wealth Reword,hebex1241@abincol.com,3.5
1242, Investments,hebex1242@abincol.com,4.5
1243,Demat Account,hebex1243@abincol.com,4.0
1244,Mutual Fund Platform,hebex1244@abincol.com,3.0
1245,Iweath,hebex1245@abincol.com,5.0
1246,Lockers,hebex1246@abincol.com,3.5
1247,Imobile,hebex1247@abincol.com,2.0
1248,SmartVault,hebex1248@abincol.com,4.5
